,one-class,one-class,one-class,one-class,soft-boundary,soft-boundary,soft-boundary,soft-boundary
,dsvdd,dsvdd+z,dsvdd+fft,dsvdd+z+fft,dsvdd,dsvdd+z,dsvdd+fft,dsvdd+z+fft
Latent Size,,,,,,,,
128,0.4215200544013736,0.3840455667858575,0.6183967890791497,0.4998337527085628,0.4056381313053042,0.3874448777518858,0.422454631865567,0.4795370247746034
256,0.4030173648583282,0.3214329859046717,0.4433090161447723,0.5121208833836302,0.4389910245247629,0.5052276319904871,0.412341701113669,0.3997124250595719
512,0.3792126547062542,0.4953833972493118,0.4825789979890652,0.5672040821693675,0.4812899474865194,0.3717570507166949,0.457338949110483,0.5485962670438695
1024,0.5168963603114178,0.3645108056043183,0.5484322739529943,0.4595859878893075,0.4589617152212075,0.4100091670822849,0.5430050278065032,0.4851291093371805
2048,0.4399014397766838,0.344205131311879,0.3967571681229741,0.4859711941345701,0.405010383411338,0.518593280228125,0.4092341447516106,0.4028546632365248
