,one-class,one-class,one-class,one-class,soft-boundary,soft-boundary,soft-boundary,soft-boundary
,dsvdd,dsvdd+z,dsvdd+fft,dsvdd+z+fft,dsvdd,dsvdd+z,dsvdd+fft,dsvdd+z+fft
Latent Size,,,,,,,,
128,0.4408765458884791,0.9913213278368408,0.9418528965068343,0.959954150499822,0.9865480581471036,0.9876328921674984,0.1966285612846689,0.8061933221186856
256,0.9908986652314924,0.986222607940985,0.1993153335418468,0.8742657646107418,0.9977550040904348,0.9895855934042092,0.1703813308987967,0.4996367684532146
512,0.6724080920164669,0.9903449772184856,0.3090030422315082,0.983146375574234,0.9899110436103276,0.9880668257756564,0.3248829459395743,0.9335273824317002
1024,0.985470315465976,0.9917552614449988,0.877739205901497,0.4483648123049294,0.9865480581471036,0.9886092427858538,0.9459844704366293,0.3999360135778014
2048,0.986656541549143,0.9893686266001304,0.1727030870337444,0.9102829350442716,0.9885007593838142,0.9842699067042744,0.2280321110870037,0.1745957936617515
