,one-class,one-class,one-class,one-class,soft-boundary,soft-boundary,soft-boundary,soft-boundary
,dsvdd,dsvdd+z,dsvdd+fft,dsvdd+z+fft,dsvdd,dsvdd+z,dsvdd+fft,dsvdd+z+fft
Latent Size,,,,,,,,
128,0.4579017713320165,0.4601986373357604,0.5265282540559173,0.4580106069528937,0.4621207424960951,0.4028162948644614,0.4605745252794504,0.4903197818309556
256,0.4712808508480021,0.4266809526627274,0.4889351156545776,0.5165462782679098,0.4705893278631399,0.4963100850115387,0.4666796048386415,0.4589501389620721
512,0.4629137514687526,0.4498394586537351,0.5176843912578346,0.4612895060389094,0.4873239727655002,0.4129349550427875,0.5038745011407194,0.4805660438498363
1024,0.4947930549959189,0.4560577883099038,0.5045586744924996,0.4792518684035282,0.4631460515329034,0.4480518071644129,0.5173417527724319,0.488353978053479
2048,0.452463582920298,0.4472498283520197,0.4632350689738409,0.4851389245021269,0.4473904106308098,0.5087072488515318,0.4768575786692515,0.4635654737249444
