,one-class,one-class,one-class,one-class,soft-boundary,soft-boundary,soft-boundary,soft-boundary
,dsvdd,dsvdd+z,dsvdd+fft,dsvdd+z+fft,dsvdd,dsvdd+z,dsvdd+fft,dsvdd+z+fft
Latent Size,,,,,,,,
128,0.4400994572072897,0.6118551773194862,0.6955926465473005,0.6392661700537596,0.6181023106495009,0.5926313549279485,0.3598859061432288,0.5920167095747482
256,0.6217322936459408,0.5781121821694615,0.3771864884470656,0.6343109754207606,0.6357784521594458,0.6637077701354117,0.3498008789503691,0.4527664441582862
512,0.5048448327304913,0.6451892777071775,0.436422143826136,0.6705466545941703,0.6528416546207825,0.5909196105117129,0.4286987987302589,0.6542298977751353
1024,0.6657199102577709,0.604107951786407,0.6435767181156635,0.4624008895325884,0.6362186083004049,0.6155567390108505,0.6687770836718547,0.457806366989487
2048,0.626340521415375,0.5936078620880096,0.3442317747101865,0.6271310178936562,0.6136338511419874,0.6705234785946437,0.3713746115026219,0.3470053102077402
